Date,Open,High,Low,Close,Adj Close,Volume
2020-03-09 00:00:00-04:00,112.98999786376953,112.98999786376953,104.02999877929688,104.06999969482422,97.3647689819336,8636200
2020-03-10 00:00:00-04:00,108.63999938964844,109.05999755859375,99.11000061035156,106.48999786376953,99.62883758544922,8293200
2020-03-11 00:00:00-04:00,103.80000305175781,104.75,100.06999969482422,100.69000244140625,94.20254516601562,6543600
2020-03-12 00:00:00-04:00,93.5,94.27999877929688,87.5,92.26000213623047,86.31568908691406,10285900
2020-03-13 00:00:00-04:00,98.38999938964844,99.91000366210938,90.13999938964844,99.63999938964844,93.22019958496094,8718600
2020-03-16 00:00:00-04:00,89.0,105.8499984741211,88.5,93.41000366210938,87.39158630371094,9899000
2020-03-17 00:00:00-04:00,96.01000213623047,100.44000244140625,92.97000122070312,100.19999694824219,93.74410247802734,7206100
2020-03-18 00:00:00-04:00,93.98999786376953,102.94999694824219,93.11000061035156,100.12000274658203,93.66926574707031,6995100
2020-03-19 00:00:00-04:00,99.2300033569336,104.4000015258789,97.25,103.01000213623047,96.3730697631836,6870800
2020-03-20 00:00:00-04:00,103.12000274658203,103.98999786376953,94.16000366210938,95.5,89.346923828125,7650300
2020-03-23 00:00:00-04:00,93.9000015258789,96.23999786376953,90.63999938964844,91.8499984741211,85.93208312988281,6737500
2020-03-24 00:00:00-04:00,96.05999755859375,102.02999877929688,95.16999816894531,101.33999633789062,94.81065368652344,7417100
2020-03-25 00:00:00-04:00,101.16999816894531,108.5,98.5,104.66999816894531,97.92610168457031,6578100
2020-03-26 00:00:00-04:00,104.8499984741211,110.97000122070312,102.88999938964844,110.5,103.3804702758789,6059600
2020-03-27 00:00:00-04:00,104.43000030517578,109.63999938964844,103.4000015258789,105.44000244140625,98.64649200439453,5746500
2020-03-30 00:00:00-04:00,106.33000183105469,112.83999633789062,104.93000030517578,111.70999908447266,104.51251983642578,5725600
2020-03-31 00:00:00-04:00,110.7300033569336,116.91000366210938,110.26000213623047,116.04000091552734,108.56352996826172,8970800
2020-04-01 00:00:00-04:00,112.08999633789062,116.75,109.5,111.3499984741211,104.17571258544922,6847000
2020-04-02 00:00:00-04:00,111.2300033569336,118.5199966430664,111.12999725341797,116.73999786376953,109.21843719482422,8106500
2020-04-03 00:00:00-04:00,115.5,116.83999633789062,112.12000274658203,114.66999816894531,107.28180694580078,5036400
2020-04-06 00:00:00-04:00,120.04000091552734,121.7300033569336,118.12999725341797,120.43000030517578,112.67070007324219,5785600
2020-04-07 00:00:00-04:00,122.88999938964844,128.8000030517578,120.51000213623047,121.91999816894531,114.06468200683594,8489900
2020-04-08 00:00:00-04:00,122.98999786376953,128.17999267578125,121.04000091552734,127.4000015258789,119.19161224365234,4686100
2020-04-09 00:00:00-04:00,128.64999389648438,129.60000610351562,123.1500015258789,125.02999877929688,116.97429656982422,4752100
2020-04-13 00:00:00-04:00,119.94999694824219,120.05000305175781,113.58000183105469,114.13999938964844,106.78594207763672,10519600
2020-04-14 00:00:00-04:00,116.5,117.83999633789062,114.51000213623047,116.4800033569336,108.97518157958984,7166300
2020-04-15 00:00:00-04:00,112.95999908447266,113.0999984741211,109.80000305175781,111.52999877929688,104.34410858154297,5652800
2020-04-16 00:00:00-04:00,111.8499984741211,113.47000122070312,108.86000061035156,113.22000122070312,105.92523193359375,5926400
2020-04-17 00:00:00-04:00,114.44999694824219,116.54000091552734,113.8499984741211,116.30000305175781,109.80572509765625,4132300
2020-04-20 00:00:00-04:00,114.44000244140625,117.06999969482422,112.12000274658203,114.5999984741211,108.20065307617188,4083800
2020-04-21 00:00:00-04:00,111.04000091552734,111.04000091552734,108.5999984741211,109.8499984741211,103.71589660644531,5743300
2020-04-22 00:00:00-04:00,112.02999877929688,112.0999984741211,109.20999908447266,110.63999938964844,104.46177673339844,3794000
2020-04-23 00:00:00-04:00,111.33000183105469,115.2300033569336,110.94999694824219,112.91000366210938,106.60503387451172,3545400
2020-04-24 00:00:00-04:00,113.98999786376953,114.37999725341797,111.20999908447266,114.04000091552734,107.67192840576172,3045300
2020-04-27 00:00:00-04:00,110.8499984741211,116.12999725341797,109.7300033569336,115.19999694824219,108.76714324951172,5344800
2020-04-28 00:00:00-04:00,117.86000061035156,118.0,113.37000274658203,115.45999908447266,109.01262664794922,5604600
2020-04-29 00:00:00-04:00,116.95999908447266,120.81999969482422,116.52999877929688,120.05999755859375,113.35575866699219,4261100
2020-04-30 00:00:00-04:00,118.0,118.25,115.33000183105469,116.37999725341797,109.88125610351562,4040500
2020-05-01 00:00:00-04:00,114.0,114.58999633789062,110.56999969482422,110.87999725341797,104.6883773803711,3960400
2020-05-04 00:00:00-04:00,110.0199966430664,110.27999877929688,106.58000183105469,107.72000122070312,101.70484161376953,4500700
2020-05-05 00:00:00-04:00,109.23999786376953,111.08999633789062,108.73999786376953,108.91000366210938,102.82839965820312,3477400
2020-05-06 00:00:00-04:00,110.02999877929688,110.23999786376953,106.69999694824219,107.66999816894531,101.65763092041016,4465300
2020-05-07 00:00:00-04:00,109.0199966430664,110.05000305175781,106.77999877929688,107.29000091552734,101.29885864257812,4377900
2020-05-08 00:00:00-04:00,108.97000122070312,112.19999694824219,108.30000305175781,112.11000061035156,105.84968566894531,3911300
2020-05-11 00:00:00-04:00,110.16000366210938,110.7699966430664,108.18000030517578,108.61000061035156,102.54513549804688,4207300
2020-05-12 00:00:00-04:00,109.11000061035156,109.33000183105469,105.0,105.0,99.13671875,3874100
2020-05-13 00:00:00-04:00,105.13999938964844,105.29000091552734,102.55000305175781,104.4800033569336,98.6457748413086,5376100
2020-05-14 00:00:00-04:00,102.5,106.27999877929688,100.22000122070312,106.19000244140625,100.2602767944336,5542400
2020-05-15 00:00:00-04:00,105.18000030517578,107.98999786376953,104.27999877929688,107.91999816894531,101.89366149902344,6583100
2020-05-18 00:00:00-04:00,112.22000122070312,115.66000366210938,112.01000213623047,115.0199966430664,108.59719848632812,5603500
2020-05-19 00:00:00-04:00,114.94999694824219,115.44000244140625,112.01000213623047,112.08000183105469,105.82136535644531,3404900
2020-05-20 00:00:00-04:00,113.30999755859375,117.4800033569336,113.05000305175781,115.69000244140625,109.22976684570312,3735700
2020-05-21 00:00:00-04:00,114.94999694824219,115.68000030517578,113.81999969482422,114.05999755859375,107.69080352783203,2342300
2020-05-22 00:00:00-04:00,114.12999725341797,114.16000366210938,111.47000122070312,112.47000122070312,106.18960571289062,2735100
2020-05-26 00:00:00-04:00,115.9800033569336,118.55999755859375,115.9800033569336,117.41000366210938,110.8537368774414,4185100
2020-05-27 00:00:00-04:00,119.72000122070312,122.48999786376953,119.52999877929688,122.41999816894531,115.58397674560547,4462700
2020-05-28 00:00:00-04:00,124.75,124.83000183105469,120.27999877929688,120.73999786376953,113.9977798461914,3743700
2020-05-29 00:00:00-04:00,119.62999725341797,120.70999908447266,117.56999969482422,120.12999725341797,113.42184448242188,4219000
2020-06-01 00:00:00-04:00,119.86000061035156,121.19999694824219,117.61000061035156,120.5,113.77119445800781,2131300
2020-06-02 00:00:00-04:00,121.83999633789062,123.81999969482422,121.27999877929688,123.31999969482422,116.43372344970703,2977500
2020-06-03 00:00:00-04:00,125.44999694824219,127.3499984741211,125.01000213623047,127.08999633789062,119.99320220947266,3712600
2020-06-04 00:00:00-04:00,125.41000366210938,129.02999877929688,124.73999786376953,128.9600067138672,121.7587890625,3076700
2020-06-05 00:00:00-04:00,137.85000610351562,139.3699951171875,133.38999938964844,135.1199951171875,127.57479858398438,5591900
2020-06-08 00:00:00-04:00,135.32000732421875,139.94000244140625,135.32000732421875,137.72000122070312,130.02963256835938,4139200
2020-06-09 00:00:00-04:00,135.02000427246094,135.41000366210938,133.2100067138672,134.19000244140625,126.69673919677734,3819600
2020-06-10 00:00:00-04:00,133.72000122070312,135.3800048828125,130.55999755859375,132.44000244140625,125.04444122314453,4018700
2020-06-11 00:00:00-04:00,126.41000366210938,126.83999633789062,121.5199966430664,121.55000305175781,114.76256561279297,5969300
2020-06-12 00:00:00-04:00,124.4000015258789,125.16999816894531,119.3499984741211,123.1500015258789,116.27320098876953,4492700
2020-06-15 00:00:00-04:00,118.51000213623047,124.37999725341797,118.01000213623047,123.61000061035156,116.70751953125,4093100
2020-06-16 00:00:00-04:00,131.3699951171875,132.44000244140625,126.38999938964844,130.11000061035156,122.84456634521484,6892400
2020-06-17 00:00:00-04:00,130.16000366210938,130.47000122070312,127.76000213623047,128.22999572753906,121.06954193115234,3228100
2020-06-18 00:00:00-04:00,127.13999938964844,128.97999572753906,126.69999694824219,127.58999633789062,120.46527862548828,2467700
2020-06-19 00:00:00-04:00,130.0,130.0,125.7300033569336,127.45999908447266,120.3425521850586,6488000
2020-06-22 00:00:00-04:00,126.36000061035156,126.4800033569336,124.5999984741211,125.79000091552734,118.76580810546875,2806300
2020-06-23 00:00:00-04:00,127.38999938964844,127.56999969482422,125.83000183105469,126.25,119.20011138916016,2357100
2020-06-24 00:00:00-04:00,124.79000091552734,124.83999633789062,121.83000183105469,122.05999755859375,115.24408721923828,3766500
2020-06-25 00:00:00-04:00,121.61000061035156,124.83000183105469,120.80000305175781,124.70999908447266,117.74609375,2903400
2020-06-26 00:00:00-04:00,124.33000183105469,124.44000244140625,121.44999694824219,122.38999938964844,115.55567169189453,3645800
2020-06-29 00:00:00-04:00,123.72000122070312,126.04000091552734,123.27999877929688,125.25,118.25595092773438,2798700
2020-06-30 00:00:00-04:00,124.01000213623047,127.05999755859375,124.01000213623047,126.5,119.43614959716797,2778800
2020-07-01 00:00:00-04:00,129.3800048828125,129.39999389648438,125.87999725341797,126.05999755859375,119.02071380615234,2807800
2020-07-02 00:00:00-04:00,128.25,130.33999633789062,127.19000244140625,127.72000122070312,120.58802795410156,2527500
2020-07-06 00:00:00-04:00,130.1300048828125,130.5,128.1699981689453,129.42999267578125,122.20252227783203,2491900
2020-07-07 00:00:00-04:00,127.73999786376953,128.75,126.80000305175781,127.19999694824219,120.09705352783203,2018100
2020-07-08 00:00:00-04:00,129.3300018310547,129.3300018310547,126.47000122070312,128.1300048828125,120.97513580322266,2279500
2020-07-09 00:00:00-04:00,127.54000091552734,128.35000610351562,125.12000274658203,125.7300033569336,118.70913696289062,2663500
2020-07-10 00:00:00-04:00,125.97000122070312,128.22999572753906,125.81999969482422,128.00999450683594,120.86181640625,2691400
2020-07-13 00:00:00-04:00,129.4199981689453,132.08999633789062,128.85000610351562,130.57000732421875,123.27887725830078,3708400
2020-07-14 00:00:00-04:00,130.32000732421875,137.30999755859375,129.22999572753906,136.8800048828125,129.2365264892578,6540800
2020-07-15 00:00:00-04:00,140.1699981689453,140.1699981689453,137.11000061035156,138.36000061035156,130.63389587402344,4915200
2020-07-16 00:00:00-04:00,138.3000030517578,140.99000549316406,137.60000610351562,138.55999755859375,130.8227081298828,3621500
2020-07-17 00:00:00-04:00,137.8699951171875,138.42999267578125,136.52999877929688,136.89999389648438,130.2234344482422,2458200
2020-07-20 00:00:00-04:00,135.75999450683594,136.9499969482422,134.25999450683594,134.6300048828125,128.0641632080078,2478000
2020-07-21 00:00:00-04:00,134.77000427246094,137.17999267578125,134.42999267578125,135.8699951171875,129.24366760253906,3221100
2020-07-22 00:00:00-04:00,135.25,137.8699951171875,135.19000244140625,136.97999572753906,130.29953002929688,2156800
2020-07-23 00:00:00-04:00,136.89999389648438,137.52000427246094,135.7100067138672,136.60000610351562,129.93807983398438,1613700
2020-07-24 00:00:00-04:00,137.1999969482422,138.69000244140625,136.85000610351562,137.5800018310547,130.87026977539062,2036300
2020-07-27 00:00:00-04:00,137.14999389648438,140.33999633789062,137.05999755859375,139.88999938964844,133.067626953125,2506900
2020-07-28 00:00:00-04:00,138.94000244140625,139.99000549316406,137.9199981689453,138.02999877929688,131.29830932617188,2029900
2020-07-29 00:00:00-04:00,138.5800018310547,141.0800018310547,137.8000030517578,140.52999877929688,133.6763916015625,2338300
2020-07-30 00:00:00-04:00,139.0800018310547,139.10000610351562,135.97000122070312,136.72999572753906,130.06173706054688,3063500
2020-07-31 00:00:00-04:00,132.42999267578125,135.14999389648438,130.2100067138672,132.8800048828125,126.39948272705078,6780900
2020-08-03 00:00:00-04:00,132.3000030517578,133.0,131.10000610351562,131.77999877929688,125.3531494140625,2851100
2020-08-04 00:00:00-04:00,131.3699951171875,132.44000244140625,130.6699981689453,131.52000427246094,125.10581970214844,2301800
2020-08-05 00:00:00-04:00,132.77999877929688,135.94000244140625,132.61000061035156,134.97000122070312,128.38755798339844,2767800
2020-08-06 00:00:00-04:00,134.52000427246094,135.2100067138672,133.6999969482422,134.38999938964844,127.83584594726562,2446400
2020-08-07 00:00:00-04:00,134.0,135.11000061035156,132.52000427246094,134.9199981689453,128.3399658203125,2223700
2020-08-10 00:00:00-04:00,135.72999572753906,142.16000366210938,135.67999267578125,142.02000427246094,135.09371948242188,5181600
2020-08-11 00:00:00-04:00,144.02000427246094,146.1999969482422,142.2899932861328,142.52999877929688,135.578857421875,4206000
2020-08-12 00:00:00-04:00,143.9499969482422,144.1699981689453,141.3300018310547,142.57000732421875,135.61692810058594,2541200
2020-08-13 00:00:00-04:00,141.60000610351562,142.74000549316406,139.77000427246094,140.6699981689453,133.8095703125,2939900
2020-08-14 00:00:00-04:00,139.4499969482422,140.88999938964844,138.77000427246094,139.9600067138672,133.13421630859375,2038500
2020-08-17 00:00:00-04:00,140.14999389648438,140.60000610351562,138.3000030517578,138.72000122070312,131.95469665527344,2284000
2020-08-18 00:00:00-04:00,138.9499969482422,140.11000061035156,138.0800018310547,138.3699951171875,131.62171936035156,1563200
2020-08-19 00:00:00-04:00,138.5,139.9199981689453,137.4600067138672,138.02000427246094,131.28883361816406,1849500
2020-08-20 00:00:00-04:00,136.02000427246094,137.97999572753906,135.64999389648438,137.47999572753906,130.77516174316406,2279700
2020-08-21 00:00:00-04:00,136.8000030517578,139.0,136.8000030517578,138.42999267578125,131.67881774902344,2524600
2020-08-24 00:00:00-04:00,139.75999450683594,142.25,139.0800018310547,141.67999267578125,134.77029418945312,2921700
2020-08-25 00:00:00-04:00,142.6699981689453,144.92999267578125,140.5399932861328,141.14999389648438,134.2661590576172,2467500
2020-08-26 00:00:00-04:00,140.47999572753906,142.44000244140625,139.80999755859375,141.8300018310547,134.9130096435547,2379900
2020-08-27 00:00:00-04:00,142.1300048828125,144.33999633789062,141.27999877929688,143.3699951171875,136.3778839111328,3010300
2020-08-28 00:00:00-04:00,144.27999877929688,145.85000610351562,142.69000244140625,143.6300048828125,136.62522888183594,3698700
2020-08-31 00:00:00-04:00,143.5,143.60000610351562,142.27000427246094,142.30999755859375,135.36959838867188,2886500
2020-09-01 00:00:00-04:00,141.6699981689453,146.1199951171875,140.91000366210938,146.0500030517578,138.9272003173828,2673900
2020-09-02 00:00:00-04:00,146.8699951171875,149.5500030517578,146.39999389648438,149.27000427246094,141.99014282226562,4515500
2020-09-03 00:00:00-04:00,148.58999633789062,151.1999969482422,145.3000030517578,146.75999450683594,139.60256958007812,4479100
2020-09-04 00:00:00-04:00,148.6999969482422,150.77999877929688,146.0399932861328,148.17999267578125,140.9532928466797,5129400
2020-09-08 00:00:00-04:00,147.0,150.75999450683594,145.72000122070312,148.52000427246094,141.2767333984375,4775200
2020-09-09 00:00:00-04:00,149.8000030517578,155.47999572753906,149.2100067138672,152.69000244140625,145.2433624267578,5345100
2020-09-10 00:00:00-04:00,152.00999450683594,153.25,148.75,149.86000061035156,142.5513916015625,4387000
2020-09-11 00:00:00-04:00,150.47999572753906,154.39999389648438,150.24000549316406,153.8300018310547,146.32777404785156,3237100
2020-09-14 00:00:00-04:00,154.0,154.8000030517578,152.2100067138672,153.50999450683594,146.0233612060547,2569300
2020-09-15 00:00:00-04:00,154.1999969482422,154.47000122070312,148.36000061035156,148.60000610351562,141.3528289794922,4092400
2020-09-16 00:00:00-04:00,150.0,151.97999572753906,148.3699951171875,151.11000061035156,143.7404022216797,3302000
2020-09-17 00:00:00-04:00,149.85000610351562,156.25,149.14999389648438,153.8699951171875,146.36581420898438,4487000
2020-09-18 00:00:00-04:00,153.67999267578125,156.2100067138672,152.05999755859375,152.38999938964844,144.9580078125,5113500
2020-09-21 00:00:00-04:00,148.55999755859375,149.5,143.8699951171875,145.3300018310547,138.24229431152344,4278200
2020-09-22 00:00:00-04:00,145.00999450683594,147.5,144.5,147.14999389648438,139.97354125976562,2579500
2020-09-23 00:00:00-04:00,147.47999572753906,148.91000366210938,143.60000610351562,144.3800048828125,137.33865356445312,2420100
2020-09-24 00:00:00-04:00,144.02000427246094,147.44000244140625,142.72999572753906,145.13999938964844,138.0615692138672,2138800
2020-09-25 00:00:00-04:00,143.88999938964844,146.6999969482422,143.00999450683594,145.91000366210938,138.79405212402344,1848900
2020-09-28 00:00:00-04:00,148.0,150.30999755859375,147.41000366210938,147.67999267578125,140.47769165039062,2212700
2020-09-29 00:00:00-04:00,148.3699951171875,148.97000122070312,146.2100067138672,147.41000366210938,140.22085571289062,1605600
2020-09-30 00:00:00-04:00,148.0,150.9499969482422,147.74000549316406,149.14999389648438,141.8760223388672,3642800
2020-10-01 00:00:00-04:00,149.9199981689453,150.30999755859375,145.64999389648438,146.7100067138672,139.5550079345703,2157400
2020-10-02 00:00:00-04:00,144.27000427246094,151.25,143.75,149.94000244140625,142.62750244140625,3220500
2020-10-05 00:00:00-04:00,152.1699981689453,154.4499969482422,151.6199951171875,153.49000549316406,146.0043182373047,2597700
2020-10-06 00:00:00-04:00,154.0,155.4499969482422,151.27999877929688,151.52999877929688,144.13992309570312,2559800
2020-10-07 00:00:00-04:00,153.27999877929688,156.05999755859375,153.1999969482422,154.77000427246094,147.221923828125,2334200
2020-10-08 00:00:00-04:00,155.75,156.72999572753906,154.24000549316406,156.66000366210938,149.0197296142578,1842900
2020-10-09 00:00:00-04:00,157.8699951171875,159.38999938964844,157.39999389648438,158.94000244140625,151.1885528564453,4084200
2020-10-12 00:00:00-04:00,159.97000122070312,163.1999969482422,159.52000427246094,162.61000061035156,154.67958068847656,4279800
2020-10-13 00:00:00-04:00,161.72000122070312,163.17999267578125,161.1199951171875,162.1199951171875,154.2134552001953,3319000
2020-10-14 00:00:00-04:00,162.66000366210938,164.82000732421875,162.5,163.61000061035156,155.6308135986328,4087100
2020-10-15 00:00:00-04:00,160.27000427246094,165.77999877929688,160.14999389648438,165.0399932861328,156.9910430908203,2958500
2020-10-16 00:00:00-04:00,167.25,170.50999450683594,166.6199951171875,168.75,160.52011108398438,5569000
2020-10-19 00:00:00-04:00,168.74000549316406,170.02000427246094,166.8000030517578,167.52999877929688,159.35960388183594,2757700
2020-10-20 00:00:00-04:00,168.1999969482422,171.25999450683594,167.91000366210938,168.99000549316406,160.74839782714844,3007100
2020-10-21 00:00:00-04:00,169.80999755859375,170.52000427246094,166.74000549316406,167.39999389648438,159.2359619140625,2502000
2020-10-22 00:00:00-04:00,167.97999572753906,169.85000610351562,166.88999938964844,169.66000366210938,161.3857421875,2356800
2020-10-23 00:00:00-04:00,169.3699951171875,170.64999389648438,167.55999755859375,168.58999633789062,161.34747314453125,2857300
2020-10-26 00:00:00-04:00,166.63999938964844,166.63999938964844,160.8300018310547,163.1999969482422,156.18899536132812,4506600
2020-10-27 00:00:00-04:00,160.9600067138672,161.85000610351562,157.00999450683594,157.91000366210938,151.12628173828125,4857900
2020-10-28 00:00:00-04:00,153.8000030517578,155.42999267578125,150.52000427246094,151.16000366210938,144.66622924804688,5645100
2020-10-29 00:00:00-04:00,150.60000610351562,155.50999450683594,149.6300048828125,154.6699981689453,148.0254364013672,3867200
2020-10-30 00:00:00-04:00,153.9600067138672,157.2899932861328,153.0399932861328,157.0500030517578,150.30323791503906,4373500
2020-11-02 00:00:00-05:00,159.1999969482422,163.85000610351562,157.64999389648438,163.27000427246094,156.25599670410156,4072400
2020-11-03 00:00:00-05:00,165.0,169.0,163.07000732421875,167.69000244140625,160.48611450195312,4843600
2020-11-04 00:00:00-05:00,159.17999267578125,162.3800048828125,155.22999572753906,155.22999572753906,148.5614013671875,9081700
2020-11-05 00:00:00-05:00,157.6699981689453,164.9600067138672,157.60000610351562,163.08999633789062,156.083740234375,4821600
2020-11-06 00:00:00-05:00,163.94000244140625,165.5399932861328,160.75999450683594,161.2899932861328,154.36105346679688,2983000
2020-11-09 00:00:00-05:00,174.02999877929688,176.3699951171875,170.1199951171875,170.82000732421875,163.481689453125,5969600
2020-11-10 00:00:00-05:00,171.89999389648438,174.99000549316406,170.77000427246094,172.3000030517578,164.89810180664062,3499100
2020-11-11 00:00:00-05:00,172.3800048828125,172.74000549316406,167.47000122070312,169.4600067138672,162.1800994873047,2345500
2020-11-12 00:00:00-05:00,168.8300018310547,171.10000610351562,167.64999389648438,169.1300048828125,161.86427307128906,2185500
2020-11-13 00:00:00-05:00,170.3000030517578,172.22000122070312,169.19000244140625,171.7100067138672,164.33343505859375,2120200
2020-11-16 00:00:00-05:00,175.0,175.0,171.8300018310547,173.19000244140625,165.74984741210938,3902400
2020-11-17 00:00:00-05:00,172.1699981689453,172.47999572753906,170.19000244140625,171.91000366210938,164.52484130859375,2110800
2020-11-18 00:00:00-05:00,172.0399932861328,175.3800048828125,172.0399932861328,172.74000549316406,165.31918334960938,3165100
2020-11-19 00:00:00-05:00,172.5,173.25,170.7100067138672,172.89999389648438,165.47230529785156,2012100
2020-11-20 00:00:00-05:00,172.4499969482422,173.1199951171875,171.30999755859375,172.22999572753906,164.83108520507812,2449800
2020-11-23 00:00:00-05:00,173.75999450683594,175.5,173.24000549316406,174.77999877929688,167.27154541015625,2403500
2020-11-24 00:00:00-05:00,176.25,178.32000732421875,175.27000427246094,176.89999389648438,169.3004608154297,3447000
2020-11-25 00:00:00-05:00,176.4600067138672,176.47999572753906,172.77999877929688,174.6300048828125,167.12799072265625,2506400
2020-11-27 00:00:00-05:00,174.41000366210938,175.9199981689453,173.8800048828125,175.0800018310547,167.55865478515625,976900
2020-11-30 00:00:00-05:00,173.61000061035156,174.8800048828125,172.42999267578125,173.58999633789062,166.13265991210938,2382600
2020-12-01 00:00:00-05:00,175.38999938964844,176.57000732421875,172.94000244140625,173.25999450683594,165.81683349609375,2710200
2020-12-02 00:00:00-05:00,173.25999450683594,174.4199981689453,172.27999877929688,173.8699951171875,166.400634765625,1971000
2020-12-03 00:00:00-05:00,173.8699951171875,175.0800018310547,173.27999877929688,174.6300048828125,167.12799072265625,2903900
2020-12-04 00:00:00-05:00,175.9199981689453,183.80999755859375,175.6199951171875,182.2100067138672,174.38235473632812,6086200
2020-12-07 00:00:00-05:00,180.38999938964844,180.38999938964844,176.55999755859375,178.7100067138672,171.03271484375,4587400
2020-12-08 00:00:00-05:00,177.66000366210938,180.74000549316406,177.5,178.83999633789062,171.15713500976562,2001600
2020-12-09 00:00:00-05:00,179.6199951171875,180.47999572753906,177.0,180.07000732421875,172.33428955078125,2915500
2020-12-10 00:00:00-05:00,179.24000549316406,179.52999877929688,177.13999938964844,178.85000610351562,171.1667022705078,3109400
2020-12-11 00:00:00-05:00,176.99000549316406,179.77999877929688,176.22999572753906,179.2899932861328,171.58778381347656,2673400
2020-12-14 00:00:00-05:00,180.60000610351562,183.3300018310547,177.77999877929688,178.0500030517578,170.40106201171875,2533600
2020-12-15 00:00:00-05:00,179.92999267578125,182.75999450683594,179.02000427246094,181.74000549316406,173.9325408935547,2360300
2020-12-16 00:00:00-05:00,180.85000610351562,181.27000427246094,178.36000061035156,179.5,171.78875732421875,2031800
2020-12-17 00:00:00-05:00,180.6699981689453,180.72999572753906,178.5800018310547,179.1699981689453,171.47291564941406,2296500
2020-12-18 00:00:00-05:00,180.07000732421875,181.3000030517578,177.47000122070312,180.9600067138672,173.18605041503906,5262700
2020-12-21 00:00:00-05:00,176.94000244140625,180.88999938964844,176.32000732421875,180.16000366210938,172.42042541503906,2071000
2020-12-22 00:00:00-05:00,179.2899932861328,180.16000366210938,176.47999572753906,176.5800018310547,168.99420166015625,2493300
2020-12-23 00:00:00-05:00,177.4499969482422,179.2899932861328,177.00999450683594,178.4199981689453,170.75515747070312,1862500
2020-12-24 00:00:00-05:00,179.4499969482422,179.85000610351562,178.35000610351562,179.55999755859375,171.84620666503906,585700
2020-12-28 00:00:00-05:00,180.47999572753906,181.1199951171875,178.30999755859375,178.3699951171875,170.7073211669922,1508800
2020-12-29 00:00:00-05:00,179.1699981689453,179.3800048828125,175.11000061035156,176.64999389648438,169.06118774414062,1490300
2020-12-30 00:00:00-05:00,179.77000427246094,182.22999572753906,178.69000244140625,180.0399932861328,172.30557250976562,2720600
2020-12-31 00:00:00-05:00,180.25,182.10000610351562,178.75,182.02000427246094,174.2005157470703,1717800
2021-01-04 00:00:00-05:00,183.0,185.97999572753906,180.25,182.14999389648438,174.32492065429688,4078300
2021-01-05 00:00:00-05:00,181.2100067138672,185.8000030517578,181.2100067138672,183.63999938964844,175.75091552734375,2933700
2021-01-06 00:00:00-05:00,187.14999389648438,197.27999877929688,186.14999389648438,193.86000061035156,185.53187561035156,8034700
2021-01-07 00:00:00-05:00,196.85000610351562,197.3699951171875,192.1999969482422,194.22999572753906,185.88595581054688,5297500
2021-01-08 00:00:00-05:00,193.85000610351562,195.25999450683594,191.32000732421875,194.25999450683594,185.9146728515625,3186600
2021-01-11 00:00:00-05:00,191.55999755859375,195.4600067138672,190.30999755859375,193.86000061035156,185.53187561035156,2540800
2021-01-12 00:00:00-05:00,194.67999267578125,198.0,193.30999755859375,197.5399932861328,189.0537872314453,2466100
2021-01-13 00:00:00-05:00,198.7899932861328,200.1699981689453,195.8000030517578,195.88999938964844,187.47467041015625,3154700
2021-01-14 00:00:00-05:00,196.10000610351562,197.91000366210938,195.36000061035156,197.39999389648438,188.91981506347656,2486600
2021-01-15 00:00:00-05:00,195.66000366210938,195.7100067138672,190.8800048828125,194.6199951171875,186.25921630859375,3317100
2021-01-19 00:00:00-05:00,194.2899932861328,196.11000061035156,193.44000244140625,194.05999755859375,186.71142578125,2361200
2021-01-20 00:00:00-05:00,192.66000366210938,193.89999389648438,190.4199981689453,192.33999633789062,185.0565643310547,2501100
2021-01-21 00:00:00-05:00,192.35000610351562,193.72000122070312,190.0500030517578,192.19000244140625,184.9122314453125,1951200
2021-01-22 00:00:00-05:00,190.85000610351562,192.82000732421875,189.30999755859375,191.94000244140625,184.6717071533203,2027000
2021-01-25 00:00:00-05:00,190.55999755859375,191.3699951171875,186.97000122070312,187.33999633789062,180.2458953857422,3837100
2021-01-26 00:00:00-05:00,187.60000610351562,189.41000366210938,186.8300018310547,187.2100067138672,180.12081909179688,2506000
2021-01-27 00:00:00-05:00,184.1999969482422,185.5500030517578,179.33999633789062,180.6300048828125,173.78997802734375,4095300
2021-01-28 00:00:00-05:00,182.25999450683594,187.61000061035156,181.30999755859375,184.33999633789062,177.3594970703125,3445400
2021-01-29 00:00:00-05:00,183.5,188.82000732421875,180.72999572753906,182.83999633789062,175.91629028320312,4541400
2021-02-01 00:00:00-05:00,185.9600067138672,186.8000030517578,182.02000427246094,184.72000122070312,177.72509765625,2738200
2021-02-02 00:00:00-05:00,186.5,192.77999877929688,185.63999938964844,192.5,185.2104949951172,5265400
2021-02-03 00:00:00-05:00,190.91000366210938,191.52999877929688,189.05999755859375,191.4499969482422,184.20025634765625,2979000
2021-02-04 00:00:00-05:00,192.0,192.61000061035156,190.1999969482422,191.64999389648438,184.39268493652344,2253800
2021-02-05 00:00:00-05:00,192.52000427246094,194.3300018310547,190.00999450683594,193.0,185.69155883789062,2240000
2021-02-08 00:00:00-05:00,195.0,197.5399932861328,194.6699981689453,197.4499969482422,189.97305297851562,2725700
2021-02-09 00:00:00-05:00,197.5399932861328,198.66000366210938,194.88999938964844,197.27999877929688,189.80947875976562,2331600
2021-02-10 00:00:00-05:00,198.5,199.7100067138672,196.25999450683594,197.72000122070312,190.2328338623047,2816400
2021-02-11 00:00:00-05:00,197.58999633789062,198.4199981689453,194.38999938964844,198.35000610351562,190.8389892578125,2178200
2021-02-12 00:00:00-05:00,197.97999572753906,198.75999450683594,196.75999450683594,197.99000549316406,190.49261474609375,1804200
2021-02-16 00:00:00-05:00,199.75,205.17999267578125,199.24000549316406,202.3800048828125,194.7163543701172,3722700
2021-02-17 00:00:00-05:00,202.38999938964844,202.89999389648438,199.7899932861328,202.3000030517578,194.639404296875,2290400
2021-02-18 00:00:00-05:00,201.5500030517578,202.8800048828125,198.5800018310547,199.9199981689453,192.3495330810547,2345800
2021-02-19 00:00:00-05:00,203.25,211.4600067138672,202.6999969482422,209.91000366210938,201.9612274169922,4937300
2021-02-22 00:00:00-05:00,209.6300048828125,218.8699951171875,209.33999633789062,218.05999755859375,209.80259704589844,4578300
2021-02-23 00:00:00-05:00,219.52999877929688,220.74000549316406,213.27999877929688,220.17999267578125,211.84231567382812,4125100
2021-02-24 00:00:00-05:00,220.41000366210938,226.6699981689453,219.8800048828125,222.47000122070312,214.04563903808594,4925000
2021-02-25 00:00:00-05:00,223.6199951171875,224.39999389648438,219.72000122070312,221.82000732421875,213.4202423095703,4313000
2021-02-26 00:00:00-05:00,220.75,222.39999389648438,215.82000732421875,215.8800048828125,207.7051544189453,4461300
2021-03-01 00:00:00-05:00,219.30999755859375,222.5800018310547,218.89999389648438,219.75999450683594,211.438232421875,2871200
2021-03-02 00:00:00-05:00,218.69000244140625,219.33999633789062,215.00999450683594,215.82000732421875,207.64743041992188,2854300
2021-03-03 00:00:00-05:00,212.13999938964844,217.5500030517578,212.00999450683594,214.91000366210938,206.77188110351562,2664000
2021-03-04 00:00:00-05:00,214.47999572753906,216.6699981689453,208.47000122070312,212.77000427246094,204.71290588378906,3568400
2021-03-05 00:00:00-05:00,214.33999633789062,220.77999877929688,211.5,220.16000366210938,211.82308959960938,3602300
2021-03-08 00:00:00-05:00,220.97000122070312,224.3000030517578,218.2100067138672,221.5800018310547,213.1893310546875,3048700
2021-03-09 00:00:00-05:00,221.3800048828125,222.3300018310547,216.13999938964844,216.8000030517578,208.59033203125,2902400
2021-03-10 00:00:00-05:00,217.72999572753906,222.0500030517578,217.19000244140625,221.05999755859375,212.68899536132812,2435800
2021-03-11 00:00:00-05:00,223.0,223.60000610351562,219.14999389648438,219.75999450683594,211.438232421875,2960000
2021-03-12 00:00:00-05:00,219.0,229.02000427246094,218.1199951171875,229.0,220.32833862304688,4756500
2021-03-15 00:00:00-04:00,228.8699951171875,231.8000030517578,225.8300018310547,230.74000549316406,222.00242614746094,4215300
2021-03-16 00:00:00-04:00,227.72000122070312,231.2100067138672,224.77000427246094,226.4600067138672,217.884521484375,3539200
2021-03-17 00:00:00-04:00,228.1300048828125,234.3000030517578,227.1300048828125,233.6300048828125,224.78298950195312,3518500
2021-03-18 00:00:00-04:00,234.0,237.77999877929688,229.74000549316406,230.67999267578125,221.94471740722656,4336200
2021-03-19 00:00:00-04:00,228.75,229.64999389648438,224.0500030517578,225.2899932861328,216.75881958007812,7485100
2021-03-22 00:00:00-04:00,226.6199951171875,227.17999267578125,223.57000732421875,226.02000427246094,217.461181640625,2211600
2021-03-23 00:00:00-04:00,222.05999755859375,225.24000549316406,216.64999389648438,218.25,209.9853973388672,4017600
2021-03-24 00:00:00-04:00,220.50999450683594,227.11000061035156,220.50999450683594,221.22999572753906,212.85256958007812,4258000
2021-03-25 00:00:00-04:00,219.22999572753906,224.97000122070312,216.0399932861328,224.25,215.75820922851562,2901800
2021-03-26 00:00:00-04:00,226.35000610351562,229.83999633789062,225.2100067138672,229.5,220.8094024658203,3040100
2021-03-29 00:00:00-04:00,228.10000610351562,231.85000610351562,227.7100067138672,230.22000122070312,221.5021209716797,3003200
2021-03-30 00:00:00-04:00,231.1999969482422,234.72000122070312,231.13999938964844,233.0800018310547,224.25381469726562,3139100
2021-03-31 00:00:00-04:00,234.35000610351562,237.00999450683594,228.85000610351562,231.8699951171875,223.0896453857422,4512300
2021-04-01 00:00:00-04:00,231.3000030517578,235.0,227.58999633789062,232.74000549316406,223.92669677734375,3787100
2021-04-05 00:00:00-04:00,235.0,235.66000366210938,232.3699951171875,233.7100067138672,224.8599853515625,2323400
2021-04-06 00:00:00-04:00,232.5,236.67999267578125,230.22999572753906,230.63999938964844,221.90621948242188,2614500
2021-04-07 00:00:00-04:00,231.9600067138672,234.19000244140625,229.35000610351562,230.41000366210938,221.68496704101562,2449600
2021-04-08 00:00:00-04:00,230.1300048828125,231.0500030517578,227.1699981689453,230.47999572753906,221.7522735595703,2158900
2021-04-09 00:00:00-04:00,231.3000030517578,232.1999969482422,227.5399932861328,230.75,222.01205444335938,2482900
2021-04-12 00:00:00-04:00,230.3000030517578,231.3000030517578,228.92999267578125,230.92999267578125,222.18524169921875,1688200
2021-04-13 00:00:00-04:00,233.41000366210938,233.5,228.0500030517578,229.35000610351562,220.6650848388672,2286400
2021-04-14 00:00:00-04:00,229.60000610351562,234.22000122070312,229.5500030517578,232.5800018310547,223.77276611328125,2491000
2021-04-15 00:00:00-04:00,233.14999389648438,233.44000244140625,230.74000549316406,232.52000427246094,223.7150421142578,1860200
2021-04-16 00:00:00-04:00,234.6199951171875,235.94000244140625,232.27000427246094,233.36000061035156,224.5232391357422,2128400
2021-04-19 00:00:00-04:00,232.89999389648438,233.10000610351562,229.91000366210938,232.38999938964844,223.58995056152344,1712600
2021-04-20 00:00:00-04:00,230.89999389648438,231.3000030517578,225.60000610351562,227.6300048828125,219.0102081298828,2815800
2021-04-21 00:00:00-04:00,227.32000732421875,232.61000061035156,226.02000427246094,232.4600067138672,223.65731811523438,1977700
2021-04-22 00:00:00-04:00,233.25,233.42999267578125,228.77000427246094,228.88999938964844,220.2224884033203,2410700
2021-04-23 00:00:00-04:00,229.36000061035156,231.64999389648438,227.8800048828125,230.11000061035156,222.39706420898438,3458300
2021-04-26 00:00:00-04:00,230.57000732421875,232.85000610351562,229.9600067138672,230.55999755859375,222.83200073242188,1864800
2021-04-27 00:00:00-04:00,230.2899932861328,230.86000061035156,228.0800018310547,230.33999633789062,222.61936950683594,1959300
2021-04-28 00:00:00-04:00,230.0500030517578,233.72000122070312,229.3800048828125,232.3000030517578,224.513671875,2965300
2021-04-29 00:00:00-04:00,235.0,235.1999969482422,223.1999969482422,227.47000122070312,219.84556579589844,5442400
2021-04-30 00:00:00-04:00,225.52000427246094,228.38999938964844,224.8800048828125,228.11000061035156,220.464111328125,3953500
2021-05-03 00:00:00-04:00,230.0,230.92999267578125,227.2100067138672,228.1699981689453,220.5220947265625,3182900
2021-05-04 00:00:00-04:00,227.0,234.0,225.35000610351562,233.41000366210938,225.5864715576172,4040700
2021-05-05 00:00:00-04:00,234.6199951171875,239.3300018310547,231.85000610351562,237.8800048828125,229.90663146972656,3690600
2021-05-06 00:00:00-04:00,238.0,240.97999572753906,236.0,237.07000732421875,229.12379455566406,4527000
2021-05-07 00:00:00-04:00,235.63999938964844,241.88999938964844,233.16000366210938,240.99000549316406,232.91241455078125,3327900
2021-05-10 00:00:00-04:00,243.5,245.77999877929688,242.58999633789062,242.61000061035156,234.47811889648438,3752900
2021-05-11 00:00:00-04:00,238.77999877929688,242.99000549316406,236.5399932861328,239.3000030517578,231.279052734375,3163100
2021-05-12 00:00:00-04:00,241.27000427246094,243.22999572753906,236.44000244140625,237.32000732421875,229.36541748046875,3668500
2021-05-13 00:00:00-04:00,236.0399932861328,240.99000549316406,234.57000732421875,240.07000732421875,232.0232391357422,2228100
2021-05-14 00:00:00-04:00,242.0,243.35000610351562,240.0800018310547,242.22999572753906,234.11082458496094,2041600
2021-05-17 00:00:00-04:00,242.74000549316406,245.4499969482422,241.1199951171875,244.7899932861328,236.58502197265625,1998400
2021-05-18 00:00:00-04:00,244.7899932861328,245.5399932861328,239.41000366210938,239.47000122070312,231.44334411621094,2436200
2021-05-19 00:00:00-04:00,236.10000610351562,237.0800018310547,231.94000244140625,236.8699951171875,228.93048095703125,3143100
2021-05-20 00:00:00-04:00,237.47999572753906,237.60000610351562,232.58999633789062,234.99000549316406,227.11351013183594,3339200
2021-05-21 00:00:00-04:00,236.60000610351562,239.39999389648438,235.00999450683594,237.24000549316406,229.2880859375,2479100
2021-05-24 00:00:00-04:00,237.69000244140625,239.7100067138672,236.22000122070312,239.0500030517578,231.03741455078125,2372700
2021-05-25 00:00:00-04:00,239.50999450683594,241.88999938964844,236.74000549316406,237.1699981689453,229.2204132080078,2265700
2021-05-26 00:00:00-04:00,237.41000366210938,239.5,236.6199951171875,237.7100067138672,229.74232482910156,2070000
2021-05-27 00:00:00-04:00,241.5,243.3699951171875,238.92999267578125,241.27999877929688,233.1926727294922,3594700
2021-05-28 00:00:00-04:00,241.91000366210938,242.25999450683594,238.7899932861328,241.0800018310547,232.99937438964844,2290700
2021-06-01 00:00:00-04:00,244.00999450683594,244.92999267578125,241.80999755859375,242.75999450683594,234.62307739257812,2476000
2021-06-02 00:00:00-04:00,243.07000732421875,245.10000610351562,240.6999969482422,243.4600067138672,235.29959106445312,2348500
2021-06-03 00:00:00-04:00,242.42999267578125,246.44000244140625,240.8699951171875,243.83999633789062,235.6668701171875,1923200
2021-06-04 00:00:00-04:00,245.1199951171875,246.69000244140625,242.32000732421875,244.02000427246094,235.84085083007812,1837900
2021-06-07 00:00:00-04:00,244.0500030517578,244.3300018310547,238.6199951171875,239.75999450683594,231.72360229492188,2330700
2021-06-08 00:00:00-04:00,239.39999389648438,241.2100067138672,236.05999755859375,240.16000366210938,232.11021423339844,2212300
2021-06-09 00:00:00-04:00,239.0,239.19000244140625,234.4499969482422,234.64999389648438,226.78489685058594,2919600
2021-06-10 00:00:00-04:00,236.13999938964844,236.64999389648438,225.5800018310547,225.72999572753906,218.1638946533203,6281800
2021-06-11 00:00:00-04:00,226.3000030517578,227.9199981689453,220.02999877929688,220.6999969482422,213.302490234375,8734900
2021-06-14 00:00:00-04:00,220.07000732421875,221.97000122070312,215.60000610351562,219.00999450683594,211.66912841796875,7213300
2021-06-15 00:00:00-04:00,219.88999938964844,220.77999877929688,216.25999450683594,219.4600067138672,212.10406494140625,5055900
2021-06-16 00:00:00-04:00,219.00999450683594,219.38999938964844,216.6999969482422,217.16000366210938,209.88116455078125,4156900
2021-06-17 00:00:00-04:00,216.97000122070312,218.27000427246094,207.8800048828125,209.4499969482422,202.42955017089844,7995300
2021-06-18 00:00:00-04:00,206.17999267578125,211.80999755859375,205.5,208.86000061035156,201.85934448242188,7156400
2021-06-21 00:00:00-04:00,211.5500030517578,215.22999572753906,211.39999389648438,213.2100067138672,206.0635528564453,5633900
2021-06-22 00:00:00-04:00,213.49000549316406,214.8300018310547,211.17999267578125,213.1300048828125,205.98623657226562,3776400
2021-06-23 00:00:00-04:00,213.60000610351562,216.77000427246094,212.5800018310547,213.7899932861328,206.62408447265625,3283400
2021-06-24 00:00:00-04:00,216.5399932861328,221.92999267578125,215.3300018310547,219.33999633789062,211.9880828857422,6827600
2021-06-25 00:00:00-04:00,221.17999267578125,221.75,215.27000427246094,216.30999755859375,209.0596160888672,11274200
2021-06-28 00:00:00-04:00,216.4499969482422,216.77999877929688,213.55999755859375,216.27000427246094,209.02098083496094,3172000
2021-06-29 00:00:00-04:00,218.0399932861328,218.6999969482422,214.58999633789062,215.10000610351562,207.89019775390625,3443400
2021-06-30 00:00:00-04:00,214.6199951171875,217.9499969482422,214.05999755859375,217.6300048828125,210.3354034423828,3249500
2021-07-01 00:00:00-04:00,219.16000366210938,219.7899932861328,216.14999389648438,216.7100067138672,209.4462127685547,2426300
2021-07-02 00:00:00-04:00,217.66000366210938,218.3699951171875,215.5800018310547,217.75999450683594,210.46102905273438,2433600
2021-07-06 00:00:00-04:00,217.41000366210938,217.55999755859375,211.33999633789062,213.52000427246094,206.36312866210938,4348100
2021-07-07 00:00:00-04:00,212.69000244140625,215.05999755859375,211.16000366210938,214.69000244140625,207.4939422607422,2707700
2021-07-08 00:00:00-04:00,210.0,213.89999389648438,209.92999267578125,212.11000061035156,205.00039672851562,3723800
2021-07-09 00:00:00-04:00,215.89999389648438,218.58999633789062,214.39999389648438,217.4199981689453,210.1324462890625,3163800
2021-07-12 00:00:00-04:00,216.02000427246094,218.9499969482422,214.85000610351562,218.5800018310547,211.25355529785156,2509000
2021-07-13 00:00:00-04:00,218.9600067138672,219.0500030517578,214.6999969482422,215.19000244140625,207.97718811035156,2373300
2021-07-14 00:00:00-04:00,215.25999450683594,215.63999938964844,211.22000122070312,211.63999938964844,204.54615783691406,3185200
2021-07-15 00:00:00-04:00,210.27999877929688,213.38999938964844,210.1199951171875,211.41000366210938,204.32388305664062,2737500
2021-07-16 00:00:00-04:00,212.4600067138672,212.6999969482422,207.00999450683594,207.9499969482422,200.97984313964844,4368800
2021-07-19 00:00:00-04:00,202.27000427246094,203.75,199.22999572753906,203.0800018310547,197.3263702392578,5391100
2021-07-20 00:00:00-04:00,203.0399932861328,208.6300048828125,202.30999755859375,207.9600067138672,202.068115234375,3934300
2021-07-21 00:00:00-04:00,208.72000122070312,210.9600067138672,207.5800018310547,210.72999572753906,204.7596435546875,3407300
2021-07-22 00:00:00-04:00,211.0,211.3800048828125,208.5399932861328,209.16000366210938,203.234130859375,1931500
2021-07-23 00:00:00-04:00,209.5,210.3699951171875,207.86000061035156,209.52999877929688,203.59364318847656,2302600
2021-07-26 00:00:00-04:00,209.83999633789062,212.07000732421875,209.5,211.02999877929688,205.0511474609375,2157600
2021-07-27 00:00:00-04:00,207.52999877929688,211.05999755859375,207.0,209.89999389648438,203.95315551757812,2472000
2021-07-28 00:00:00-04:00,210.0,212.69000244140625,208.10000610351562,211.44000244140625,205.44952392578125,3246900
2021-07-29 00:00:00-04:00,214.0,214.50999450683594,209.69000244140625,212.55999755859375,206.53778076171875,3419700
2021-07-30 00:00:00-04:00,207.89999389648438,208.6699981689453,203.14999389648438,206.75,200.89239501953125,5834900
2021-08-02 00:00:00-04:00,208.0,210.89999389648438,204.9499969482422,205.16000366210938,199.34744262695312,3977100
2021-08-03 00:00:00-04:00,205.30999755859375,209.2899932861328,203.42999267578125,208.5,202.5928192138672,3580500
2021-08-04 00:00:00-04:00,208.22000122070312,209.58999633789062,204.3699951171875,204.52000427246094,198.7255859375,2948700
2021-08-05 00:00:00-04:00,205.25,207.66000366210938,204.6999969482422,207.19000244140625,201.31993103027344,2685800
2021-08-06 00:00:00-04:00,209.00999450683594,210.38999938964844,207.64999389648438,208.35000610351562,202.4470672607422,2677100
2021-08-09 00:00:00-04:00,207.2899932861328,209.8800048828125,206.1199951171875,208.88999938964844,202.97177124023438,2747200
2021-08-10 00:00:00-04:00,210.0,214.89999389648438,208.9600067138672,214.07000732421875,208.00502014160156,4193600
2021-08-11 00:00:00-04:00,215.72999572753906,222.57000732421875,214.57000732421875,221.66000366210938,215.3799591064453,7794100
2021-08-12 00:00:00-04:00,222.24000549316406,223.75999450683594,218.47000122070312,220.24000549316406,214.0001983642578,4444500
2021-08-13 00:00:00-04:00,219.8800048828125,220.5500030517578,217.72999572753906,218.57000732421875,212.3775177001953,2049400
2021-08-16 00:00:00-04:00,217.36000061035156,218.0,214.33999633789062,217.7100067138672,211.54190063476562,3132500
2021-08-17 00:00:00-04:00,216.22000122070312,216.38999938964844,210.5800018310547,213.44000244140625,207.39285278320312,4022800
2021-08-18 00:00:00-04:00,212.5,213.5500030517578,209.72000122070312,209.80999755859375,203.86572265625,2947700
2021-08-19 00:00:00-04:00,208.1699981689453,208.9600067138672,203.2100067138672,204.4499969482422,198.65756225585938,4788100
2021-08-20 00:00:00-04:00,205.4199981689453,207.25999450683594,203.58999633789062,204.94000244140625,199.13369750976562,2765500
2021-08-23 00:00:00-04:00,207.25,209.75,205.8300018310547,209.13999938964844,203.21469116210938,2827400
2021-08-24 00:00:00-04:00,209.75,213.27000427246094,209.52999877929688,212.58999633789062,206.5669403076172,2485900
2021-08-25 00:00:00-04:00,213.1699981689453,215.6999969482422,212.14999389648438,214.75999450683594,208.67544555664062,2599800
2021-08-26 00:00:00-04:00,214.50999450683594,214.50999450683594,210.47999572753906,211.24000549316406,205.25518798828125,2513900
2021-08-27 00:00:00-04:00,212.25999450683594,214.02999877929688,212.22000122070312,212.8300018310547,206.80014038085938,2511400
2021-08-30 00:00:00-04:00,213.22000122070312,213.74000549316406,210.8000030517578,211.4499969482422,205.459228515625,1922100
2021-08-31 00:00:00-04:00,211.27999877929688,212.3000030517578,210.4199981689453,210.8699951171875,204.89566040039062,2857900
2021-09-01 00:00:00-04:00,210.8699951171875,210.99000549316406,206.61000061035156,207.9600067138672,202.068115234375,4122900
2021-09-02 00:00:00-04:00,208.9199981689453,212.9499969482422,208.9199981689453,211.77999877929688,205.77989196777344,2921600
2021-09-03 00:00:00-04:00,211.14999389648438,212.8000030517578,210.0,210.3699951171875,204.4098358154297,2512000
2021-09-07 00:00:00-04:00,210.0399932861328,210.33999633789062,207.85000610351562,208.22999572753906,202.33045959472656,2641100
2021-09-08 00:00:00-04:00,207.1199951171875,208.1199951171875,204.77000427246094,206.77000427246094,200.91184997558594,2603100
2021-09-09 00:00:00-04:00,206.5,208.14999389648438,204.89999389648438,205.4199981689453,199.60006713867188,2777900
2021-09-10 00:00:00-04:00,207.10000610351562,207.8800048828125,204.82000732421875,205.00999450683594,199.20169067382812,2551200
2021-09-13 00:00:00-04:00,207.16000366210938,207.86000061035156,203.92999267578125,206.1999969482422,200.3579864501953,2699100
2021-09-14 00:00:00-04:00,206.0399932861328,206.10000610351562,201.63999938964844,202.3300018310547,196.59762573242188,3757600
2021-09-15 00:00:00-04:00,202.1699981689453,206.58999633789062,201.8699951171875,205.72999572753906,199.9012908935547,3342700
2021-09-16 00:00:00-04:00,205.4499969482422,206.38999938964844,202.82000732421875,203.60000610351562,197.83164978027344,3120100
2021-09-17 00:00:00-04:00,202.6300048828125,203.27000427246094,199.4499969482422,199.75,194.09071350097656,6351100
2021-09-20 00:00:00-04:00,193.05999755859375,193.99000549316406,188.47999572753906,190.82000732421875,185.41375732421875,9151100
2021-09-21 00:00:00-04:00,192.0,192.7100067138672,186.97999572753906,189.83999633789062,184.46148681640625,5699900
2021-09-22 00:00:00-04:00,192.0,194.5,191.16000366210938,191.35000610351562,185.92872619628906,3924400
2021-09-23 00:00:00-04:00,192.91000366210938,197.60000610351562,192.85000610351562,196.6199951171875,191.04937744140625,3367800
2021-09-24 00:00:00-04:00,195.64999389648438,197.7899932861328,194.92999267578125,196.82000732421875,191.24374389648438,2199500
2021-09-27 00:00:00-04:00,197.60000610351562,201.99000549316406,197.60000610351562,200.0,194.33363342285156,3033100
2021-09-28 00:00:00-04:00,200.1999969482422,201.88999938964844,198.75,200.5500030517578,194.8680419921875,3247500
2021-09-29 00:00:00-04:00,200.47999572753906,201.16000366210938,197.6999969482422,197.8699951171875,192.2639923095703,2954700
2021-09-30 00:00:00-04:00,198.6199951171875,198.8699951171875,191.6300048828125,191.97000122070312,186.53115844726562,4978100
2021-10-01 00:00:00-04:00,192.89999389648438,195.8699951171875,191.24000549316406,194.3300018310547,188.8242645263672,3695500
2021-10-04 00:00:00-04:00,194.74000549316406,195.91000366210938,192.41000366210938,193.1300048828125,187.6582794189453,2864600
2021-10-05 00:00:00-04:00,192.75999450683594,194.39999389648438,190.72999572753906,192.5,187.04612731933594,3074600
2021-10-06 00:00:00-04:00,190.0,192.38999938964844,187.8000030517578,191.86000061035156,186.42425537109375,3777700
2021-10-07 00:00:00-04:00,193.72999572753906,196.38999938964844,193.61000061035156,195.75,190.20404052734375,3510500
2021-10-08 00:00:00-04:00,195.8000030517578,196.5800018310547,194.74000549316406,195.16000366210938,189.63076782226562,2713200
2021-10-11 00:00:00-04:00,196.33999633789062,197.1699981689453,192.67999267578125,192.88999938964844,187.42507934570312,2015200
2021-10-12 00:00:00-04:00,192.32000732421875,193.5800018310547,189.5800018310547,189.9199981689453,184.5392303466797,4706700
2021-10-13 00:00:00-04:00,190.5,191.25,187.72000122070312,188.94000244140625,183.5869903564453,3253200
2021-10-14 00:00:00-04:00,193.5500030517578,194.8000030517578,192.61000061035156,194.3300018310547,188.8242645263672,5212900
2021-10-15 00:00:00-04:00,195.9600067138672,199.4499969482422,195.3000030517578,199.02000427246094,193.3814239501953,4736300
2021-10-18 00:00:00-04:00,197.3800048828125,198.67999267578125,195.5500030517578,198.17999267578125,192.56520080566406,2809400
2021-10-19 00:00:00-04:00,198.60000610351562,201.47999572753906,198.4600067138672,201.13999938964844,195.4413604736328,2626900
2021-10-20 00:00:00-04:00,201.16000366210938,205.17999267578125,200.52999877929688,204.19000244140625,198.40492248535156,2936000
2021-10-21 00:00:00-04:00,201.60000610351562,202.3000030517578,199.74000549316406,202.13999938964844,196.4130096435547,3071300
2021-10-22 00:00:00-04:00,200.63999938964844,202.35000610351562,199.1999969482422,200.64999389648438,196.04173278808594,2632400
2021-10-25 00:00:00-04:00,201.27999877929688,203.30999755859375,200.50999450683594,202.2100067138672,197.56591796875,3294700
2021-10-26 00:00:00-04:00,202.75,202.7899932861328,199.47000122070312,199.63999938964844,195.054931640625,2933600
2021-10-27 00:00:00-04:00,200.25,200.42999267578125,195.9199981689453,196.1300048828125,191.62554931640625,3406700
2021-10-28 00:00:00-04:00,197.36000061035156,204.5,197.0500030517578,204.08999633789062,199.40274047851562,4462700
2021-10-29 00:00:00-04:00,207.99000549316406,209.75,203.24000549316406,204.00999450683594,199.32456970214844,4292200
2021-11-01 00:00:00-04:00,204.2899932861328,206.8800048828125,203.80999755859375,205.3800048828125,200.66311645507812,3215200
2021-11-02 00:00:00-04:00,205.75,207.80999755859375,203.0,207.1199951171875,202.36314392089844,3429600
2021-11-03 00:00:00-04:00,206.25999450683594,206.5800018310547,201.82000732421875,203.5500030517578,198.8751220703125,3137000
2021-11-04 00:00:00-04:00,204.0,204.88999938964844,202.61000061035156,203.58999633789062,198.91421508789062,2543500
2021-11-05 00:00:00-04:00,205.47999572753906,208.8800048828125,205.22999572753906,205.8800048828125,201.15162658691406,2591300
2021-11-08 00:00:00-05:00,215.88999938964844,216.47000122070312,211.25,214.25,209.3293914794922,5944700
2021-11-09 00:00:00-05:00,215.17999267578125,215.57000732421875,208.9600067138672,209.80999755859375,204.99134826660156,3310300
2021-11-10 00:00:00-05:00,209.27000427246094,209.9499969482422,206.42999267578125,206.6699981689453,201.92347717285156,3261800
2021-11-11 00:00:00-05:00,207.8800048828125,210.44000244140625,207.8800048828125,208.52999877929688,203.74075317382812,4819800
2021-11-12 00:00:00-05:00,209.35000610351562,210.69000244140625,208.3000030517578,209.27000427246094,204.46376037597656,2018000
2021-11-15 00:00:00-05:00,210.0,210.69000244140625,206.75999450683594,207.7100067138672,202.9396209716797,2392600
2021-11-16 00:00:00-05:00,208.0,208.17999267578125,205.25999450683594,205.42999267578125,200.71194458007812,2138000
2021-11-17 00:00:00-05:00,205.0,205.19000244140625,200.85000610351562,202.97999572753906,198.31822204589844,3135700
2021-11-18 00:00:00-05:00,203.27000427246094,203.7100067138672,200.66000366210938,201.4199981689453,196.79405212402344,2119900
2021-11-19 00:00:00-05:00,200.9199981689453,202.9199981689453,199.66000366210938,200.44000244140625,195.83656311035156,2980100
2021-11-22 00:00:00-05:00,201.49000549316406,204.52999877929688,200.08999633789062,202.3800048828125,197.7320098876953,2596500
2021-11-23 00:00:00-05:00,203.0500030517578,205.57000732421875,201.58999633789062,205.3300018310547,200.61424255371094,3127100
2021-11-24 00:00:00-05:00,203.66000366210938,208.25999450683594,203.0800018310547,207.07000732421875,202.3142852783203,3880500
2021-11-26 00:00:00-05:00,201.0,201.4499969482422,196.61000061035156,198.72999572753906,194.16583251953125,3496000
2021-11-29 00:00:00-05:00,201.22999572753906,201.5,193.27999877929688,195.9199981689453,191.4203643798828,4559900
2021-11-30 00:00:00-05:00,193.83999633789062,196.77999877929688,191.5500030517578,193.35000610351562,188.90940856933594,6358000
2021-12-01 00:00:00-05:00,197.5800018310547,198.42999267578125,191.36000061035156,191.47000122070312,187.0725860595703,3425300
2021-12-02 00:00:00-05:00,192.30999755859375,197.6199951171875,191.80999755859375,196.7899932861328,192.2703857421875,3445700
2021-12-03 00:00:00-05:00,197.6699981689453,199.38999938964844,195.74000549316406,197.8000030517578,193.2572021484375,3250900
2021-12-06 00:00:00-05:00,199.5800018310547,203.25999450683594,198.33999633789062,201.27999877929688,196.6572723388672,2838400
2021-12-07 00:00:00-05:00,203.2899932861328,206.2100067138672,203.07000732421875,204.49000549316406,199.79354858398438,2818000
2021-12-08 00:00:00-05:00,204.41000366210938,206.1999969482422,203.61000061035156,204.19000244140625,199.5004425048828,2341200
2021-12-09 00:00:00-05:00,203.10000610351562,204.97000122070312,200.8800048828125,204.1300048828125,199.44183349609375,1646600
2021-12-10 00:00:00-05:00,205.39999389648438,205.89999389648438,202.11000061035156,203.4600067138672,198.78721618652344,3315200
2021-12-13 00:00:00-05:00,203.82000732421875,204.25,200.4499969482422,201.25,196.62794494628906,1868500
2021-12-14 00:00:00-05:00,200.0,203.97999572753906,199.8000030517578,201.63999938964844,197.00900268554688,2248800
2021-12-15 00:00:00-05:00,201.0,202.60000610351562,198.63999938964844,202.5500030517578,197.89810180664062,2193700
2021-12-16 00:00:00-05:00,205.0,208.22999572753906,204.64999389648438,206.1699981689453,201.43495178222656,2856800
2021-12-17 00:00:00-05:00,204.9499969482422,205.25,201.22999572753906,201.3699951171875,196.7451934814453,6079600
2021-12-20 00:00:00-05:00,197.5500030517578,197.5500030517578,193.05999755859375,195.4600067138672,190.970947265625,3605100
2021-12-21 00:00:00-05:00,197.0,199.02000427246094,196.74000549316406,198.30999755859375,193.75547790527344,2303400
2021-12-22 00:00:00-05:00,200.97999572753906,203.39999389648438,200.8300018310547,202.14999389648438,197.5072784423828,3558700
2021-12-23 00:00:00-05:00,203.4199981689453,207.3000030517578,203.2899932861328,206.1999969482422,201.4642791748047,2669600
2021-12-27 00:00:00-05:00,205.94000244140625,206.89999389648438,205.13999938964844,206.3800048828125,201.64016723632812,1711200
2021-12-28 00:00:00-05:00,206.17999267578125,208.25999450683594,206.13999938964844,206.6199951171875,201.87461853027344,1393000
2021-12-29 00:00:00-05:00,206.27000427246094,208.5500030517578,206.0800018310547,207.3300018310547,202.5683135986328,1334900
2021-12-30 00:00:00-05:00,207.3300018310547,208.91000366210938,205.92999267578125,206.0800018310547,201.34703063964844,1465900
2021-12-31 00:00:00-05:00,206.1999969482422,207.74000549316406,205.6699981689453,206.74000549316406,201.9918670654297,1374500
2022-01-03 00:00:00-05:00,207.3300018310547,208.60000610351562,205.8000030517578,207.0,202.24591064453125,2055600
2022-01-04 00:00:00-05:00,208.27999877929688,218.9199981689453,207.94000244140625,218.0800018310547,213.07144165039062,5242300
2022-01-05 00:00:00-05:00,218.17999267578125,223.36000061035156,218.17999267578125,219.75,214.7030792236328,5378200
2022-01-06 00:00:00-05:00,221.49000549316406,222.7100067138672,218.05999755859375,221.99000549316406,216.89163208007812,3913200
2022-01-07 00:00:00-05:00,222.5,225.97000122070312,222.22999572753906,224.19000244140625,219.04110717773438,3673400
2022-01-10 00:00:00-05:00,224.9499969482422,225.75,220.61000061035156,221.63999938964844,216.54966735839844,3734900
2022-01-11 00:00:00-05:00,222.0,222.08999633789062,216.58999633789062,219.9499969482422,214.8984832763672,2944300
2022-01-12 00:00:00-05:00,222.1199951171875,223.69000244140625,220.07000732421875,222.39999389648438,217.29220581054688,2506900
2022-01-13 00:00:00-05:00,222.88999938964844,227.8800048828125,222.63999938964844,227.0,221.78656005859375,5002300
2022-01-14 00:00:00-05:00,224.72000122070312,229.63999938964844,223.5800018310547,228.94000244140625,223.6820068359375,3970600
2022-01-18 00:00:00-05:00,227.7100067138672,230.42999267578125,226.86000061035156,229.8699951171875,224.59063720703125,5411900
2022-01-19 00:00:00-05:00,229.66000366210938,229.80999755859375,220.92999267578125,221.66000366210938,217.62005615234375,4991700
2022-01-20 00:00:00-05:00,221.0800018310547,221.8699951171875,216.0399932861328,216.6300048828125,212.68173217773438,3545600
2022-01-21 00:00:00-05:00,217.50999450683594,217.50999450683594,212.4199981689453,214.08999633789062,210.18801879882812,3754700
2022-01-24 00:00:00-05:00,211.16000366210938,214.97000122070312,206.66000366210938,214.3300018310547,210.4236602783203,5107300
2022-01-25 00:00:00-05:00,212.0800018310547,216.8300018310547,207.10000610351562,214.30999755859375,210.4040069580078,4554300
2022-01-26 00:00:00-05:00,215.0,218.8800048828125,212.24000549316406,214.2899932861328,210.38436889648438,3558500
2022-01-27 00:00:00-05:00,215.2100067138672,217.89999389648438,210.14999389648438,212.1699981689453,208.3030242919922,3678100
2022-01-28 00:00:00-05:00,205.58999633789062,208.0,196.8000030517578,201.16000366210938,197.4936981201172,10747300
2022-01-31 00:00:00-05:00,199.4499969482422,201.60000610351562,194.67999267578125,201.55999755859375,197.8863983154297,6179000
2022-02-01 00:00:00-05:00,200.8000030517578,205.7899932861328,200.5399932861328,205.35000610351562,201.60733032226562,4026400
2022-02-02 00:00:00-05:00,203.1999969482422,205.8000030517578,201.39999389648438,204.94000244140625,201.2047882080078,3492300
2022-02-03 00:00:00-05:00,205.0,205.8699951171875,200.08999633789062,200.58999633789062,196.93406677246094,2748200
2022-02-04 00:00:00-05:00,200.2100067138672,201.00999450683594,196.49000549316406,198.41000366210938,194.7938232421875,3930800
2022-02-07 00:00:00-05:00,198.83999633789062,201.52999877929688,198.02999877929688,199.82000732421875,196.17811584472656,2402000
2022-02-08 00:00:00-05:00,200.25999450683594,202.30999755859375,199.22999572753906,201.5,197.82748413085938,2407100
2022-02-09 00:00:00-05:00,202.63999938964844,204.10000610351562,202.08999633789062,203.60000610351562,199.88922119140625,2743700
2022-02-10 00:00:00-05:00,202.57000732421875,206.75,201.55999755859375,203.07000732421875,199.36888122558594,3538500
2022-02-11 00:00:00-05:00,203.4199981689453,204.64999389648438,200.1300048828125,201.24000549316406,197.57223510742188,3826700
2022-02-14 00:00:00-05:00,200.9499969482422,201.6999969482422,198.11000061035156,199.88999938964844,196.24684143066406,2730500
2022-02-15 00:00:00-05:00,200.6999969482422,204.4499969482422,200.00999450683594,203.41000366210938,199.7026824951172,2752600
2022-02-16 00:00:00-05:00,203.11000061035156,205.4199981689453,203.0,203.63999938964844,199.92848205566406,2253900
2022-02-17 00:00:00-05:00,201.0,201.75999450683594,194.44000244140625,194.74000549316406,191.19070434570312,4699600
2022-02-18 00:00:00-05:00,193.36000061035156,195.6199951171875,191.17999267578125,191.9499969482422,188.4515380859375,4385200
2022-02-22 00:00:00-05:00,191.9499969482422,194.89999389648438,190.5500030517578,191.2100067138672,187.72503662109375,3488000
2022-02-23 00:00:00-05:00,191.72000122070312,192.32000732421875,186.3699951171875,186.6699981689453,183.2677764892578,3550400
2022-02-24 00:00:00-05:00,182.02999877929688,185.27000427246094,179.6699981689453,184.69000244140625,181.32388305664062,5919500
2022-02-25 00:00:00-05:00,184.94000244140625,187.92999267578125,184.1199951171875,187.05999755859375,183.65066528320312,3594600
2022-02-28 00:00:00-05:00,184.33999633789062,188.77000427246094,183.6699981689453,187.5800018310547,184.16119384765625,5168500
2022-03-01 00:00:00-05:00,187.77000427246094,188.22000122070312,180.63999938964844,182.8300018310547,179.4977569580078,5110600
2022-03-02 00:00:00-05:00,185.1999969482422,193.55999755859375,185.0,192.61000061035156,189.09951782226562,5849900
2022-03-03 00:00:00-05:00,193.32000732421875,196.5800018310547,192.33999633789062,194.85000610351562,191.29869079589844,4429700
2022-03-04 00:00:00-05:00,191.10000610351562,196.00999450683594,190.30999755859375,195.66000366210938,192.09393310546875,4334700
2022-03-07 00:00:00-05:00,194.7899932861328,203.5,193.6199951171875,196.6999969482422,193.11497497558594,6912300
2022-03-08 00:00:00-05:00,203.8699951171875,214.88999938964844,203.0,210.0,206.17257690429688,9318600
2022-03-09 00:00:00-05:00,212.57000732421875,213.60000610351562,207.4499969482422,209.77999877929688,205.9565887451172,4798300
2022-03-10 00:00:00-05:00,209.38999938964844,217.52000427246094,208.17999267578125,211.7899932861328,207.929931640625,4886300
2022-03-11 00:00:00-05:00,212.3000030517578,217.77000427246094,212.3000030517578,214.8300018310547,210.91453552246094,4045500
2022-03-14 00:00:00-04:00,216.3000030517578,218.47999572753906,212.92999267578125,215.44000244140625,211.513427734375,3530700
2022-03-15 00:00:00-04:00,216.1199951171875,217.3800048828125,210.50999450683594,216.4600067138672,212.5148468017578,4364200
2022-03-16 00:00:00-04:00,217.5,219.49000549316406,212.32000732421875,216.0800018310547,212.14175415039062,4378700
2022-03-17 00:00:00-04:00,215.32000732421875,221.77999877929688,214.33999633789062,221.6999969482422,217.65931701660156,3600400
2022-03-18 00:00:00-04:00,219.47999572753906,221.6999969482422,218.0,220.91000366210938,216.88372802734375,4105100
2022-03-21 00:00:00-04:00,221.0,227.0500030517578,220.99000549316406,223.7100067138672,219.6326904296875,2902200
2022-03-22 00:00:00-04:00,224.4600067138672,225.85000610351562,221.33999633789062,222.7100067138672,218.6509246826172,2461500
2022-03-23 00:00:00-04:00,221.69000244140625,224.77999877929688,221.69000244140625,222.1699981689453,218.12075805664062,2001700
2022-03-24 00:00:00-04:00,222.5399932861328,225.0,221.50999450683594,222.2100067138672,218.1600341796875,2110900
2022-03-25 00:00:00-04:00,222.08999633789062,223.8000030517578,221.13999938964844,223.36000061035156,219.28907775878906,1581100
2022-03-28 00:00:00-04:00,222.33999633789062,222.67999267578125,219.0399932861328,221.85000610351562,217.8065948486328,3072500
2022-03-29 00:00:00-04:00,220.8000030517578,221.42999267578125,216.5399932861328,221.0399932861328,217.01133728027344,3667800
2022-03-30 00:00:00-04:00,222.0,225.8800048828125,220.6999969482422,223.0800018310547,219.01419067382812,2507400
2022-03-31 00:00:00-04:00,223.2100067138672,225.19000244140625,222.42999267578125,222.82000732421875,218.75892639160156,3152100
2022-04-01 00:00:00-04:00,224.35000610351562,225.52000427246094,218.1699981689453,219.77000427246094,215.76451110839844,2618300
2022-04-04 00:00:00-04:00,219.16000366210938,221.35000610351562,216.60000610351562,220.80999755859375,216.78555297851562,2181300
2022-04-05 00:00:00-04:00,220.0,222.3699951171875,215.13999938964844,216.02000427246094,212.08285522460938,3582100
2022-04-06 00:00:00-04:00,215.1199951171875,217.1300048828125,213.5500030517578,216.2100067138672,212.26939392089844,2783300
2022-04-07 00:00:00-04:00,215.4600067138672,216.30999755859375,213.55999755859375,215.89999389648438,211.96502685546875,2253600
2022-04-08 00:00:00-04:00,215.7899932861328,217.8800048828125,214.02999877929688,217.02999877929688,213.07443237304688,2450200
2022-04-11 00:00:00-04:00,217.02999877929688,218.75999450683594,215.75,216.0500030517578,212.11228942871094,2494700
2022-04-12 00:00:00-04:00,215.4499969482422,219.47999572753906,214.97999572753906,216.6999969482422,212.7504425048828,2508200
2022-04-13 00:00:00-04:00,216.92999267578125,219.67999267578125,216.39999389648438,218.27000427246094,214.29185485839844,1898900
2022-04-14 00:00:00-04:00,219.91000366210938,229.22000122070312,218.61000061035156,227.80999755859375,223.657958984375,5337900
2022-04-18 00:00:00-04:00,228.0,234.3800048828125,228.0,229.9199981689453,225.72950744628906,3644000
2022-04-19 00:00:00-04:00,230.25,232.94000244140625,227.57000732421875,232.16000366210938,227.92869567871094,2689400
2022-04-20 00:00:00-04:00,233.5500030517578,236.3699951171875,232.5800018310547,235.0800018310547,230.7954559326172,2907700
2022-04-21 00:00:00-04:00,237.24000549316406,237.89999389648438,231.64999389648438,232.57000732421875,228.3312225341797,3571400
2022-04-22 00:00:00-04:00,228.39999389648438,229.7899932861328,215.60000610351562,216.3000030517578,213.3761444091797,5053700
2022-04-25 00:00:00-04:00,215.30999755859375,217.0,209.57000732421875,216.6999969482422,213.77073669433594,4145500
2022-04-26 00:00:00-04:00,216.1300048828125,218.1999969482422,209.35000610351562,210.3000030517578,207.45726013183594,4176700
2022-04-27 00:00:00-04:00,211.11000061035156,215.5500030517578,207.3000030517578,213.9600067138672,211.06777954101562,3358300
2022-04-28 00:00:00-04:00,207.42999267578125,212.9600067138672,202.0,212.44000244140625,209.56832885742188,6092800
2022-04-29 00:00:00-04:00,212.6999969482422,217.2100067138672,210.16000366210938,210.5399932861328,207.69400024414062,3404000
2022-05-02 00:00:00-04:00,210.0,212.77000427246094,207.66000366210938,212.07000732421875,209.20333862304688,2639500
2022-05-03 00:00:00-04:00,211.89999389648438,215.36000061035156,210.7899932861328,213.6199951171875,210.73236083984375,2121100
2022-05-04 00:00:00-04:00,214.9499969482422,223.2899932861328,213.8300018310547,222.58999633789062,219.58111572265625,3023700
2022-05-05 00:00:00-04:00,222.39999389648438,223.14999389648438,213.77000427246094,215.92999267578125,213.01113891601562,3005600
2022-05-06 00:00:00-04:00,217.00999450683594,217.00999450683594,210.35000610351562,214.64999389648438,211.74844360351562,2268400
2022-05-09 00:00:00-04:00,212.02999877929688,212.0500030517578,205.44000244140625,206.2899932861328,203.50144958496094,2929900
2022-05-10 00:00:00-04:00,208.24000549316406,209.52000427246094,201.38999938964844,202.99000549316406,200.24606323242188,3040400
2022-05-11 00:00:00-04:00,205.55999755859375,209.7100067138672,203.58999633789062,205.2100067138672,202.43605041503906,2552400
2022-05-12 00:00:00-04:00,203.61000061035156,205.33999633789062,199.3000030517578,203.02999877929688,200.2855224609375,3282000
2022-05-13 00:00:00-04:00,205.14999389648438,206.4600067138672,202.9199981689453,204.3300018310547,201.5679473876953,2323800
2022-05-16 00:00:00-04:00,205.02000427246094,209.2100067138672,203.67999267578125,207.19000244140625,204.38929748535156,2540800
2022-05-17 00:00:00-04:00,212.8000030517578,213.77000427246094,209.13999938964844,213.08999633789062,210.20953369140625,2275900
2022-05-18 00:00:00-04:00,213.83999633789062,217.89999389648438,207.52000427246094,207.94000244140625,205.12916564941406,4723300
2022-05-19 00:00:00-04:00,205.86000061035156,209.27999877929688,201.7100067138672,206.75999450683594,203.96510314941406,2887700
2022-05-20 00:00:00-04:00,206.4499969482422,206.6300048828125,194.0399932861328,197.82000732421875,195.1459503173828,5404500
2022-05-23 00:00:00-04:00,199.92999267578125,205.49000549316406,199.16000366210938,204.14999389648438,201.390380859375,3246600
2022-05-24 00:00:00-04:00,202.00999450683594,205.6999969482422,201.2899932861328,205.64999389648438,202.87010192871094,2467800
2022-05-25 00:00:00-04:00,205.0,210.08999633789062,204.82000732421875,209.30999755859375,206.4806365966797,3080200
2022-05-26 00:00:00-04:00,211.5500030517578,213.63999938964844,210.39999389648438,212.99000549316406,210.1108856201172,2016000
2022-05-27 00:00:00-04:00,215.0,217.6300048828125,214.16000366210938,217.13999938964844,214.2047882080078,2020400
2022-05-31 00:00:00-04:00,214.7899932861328,218.08999633789062,213.49000549316406,215.85000610351562,212.93223571777344,3773500
2022-06-01 00:00:00-04:00,218.4600067138672,219.0,214.3000030517578,217.57000732421875,214.6289825439453,2314000
2022-06-02 00:00:00-04:00,219.58999633789062,220.83999633789062,217.25,220.0,217.02613830566406,1784100
2022-06-03 00:00:00-04:00,218.25,224.10000610351562,218.25,222.89999389648438,219.8869171142578,2222500
2022-06-06 00:00:00-04:00,222.89999389648438,224.75999450683594,222.25,223.6300048828125,220.6070556640625,1565400
2022-06-07 00:00:00-04:00,222.0,227.27000427246094,221.64999389648438,227.10000610351562,224.0301513671875,1799000
2022-06-08 00:00:00-04:00,225.2899932861328,232.35000610351562,224.6199951171875,229.8000030517578,226.6936492919922,4171300
2022-06-09 00:00:00-04:00,227.42999267578125,228.2100067138672,223.6199951171875,223.6699981689453,220.64651489257812,3045700
2022-06-10 00:00:00-04:00,219.5,220.22000122070312,215.00999450683594,215.17999267578125,212.2712860107422,2604100
2022-06-13 00:00:00-04:00,209.5800018310547,209.8699951171875,204.89999389648438,206.8800048828125,204.08348083496094,3559400
2022-06-14 00:00:00-04:00,208.05999755859375,209.72999572753906,205.27000427246094,206.69000244140625,203.8960418701172,2359000
2022-06-15 00:00:00-04:00,207.47999572753906,208.64999389648438,203.1300048828125,206.0,203.2153778076172,2343100
2022-06-16 00:00:00-04:00,201.07000732421875,201.25,193.25,194.7899932861328,192.1569061279297,4789900
2022-06-17 00:00:00-04:00,195.67999267578125,197.74000549316406,190.8699951171875,192.63999938964844,190.0359649658203,7226100
2022-06-21 00:00:00-04:00,197.10000610351562,198.4199981689453,193.8699951171875,196.3699951171875,193.71554565429688,2755400
2022-06-22 00:00:00-04:00,190.0,192.7899932861328,187.7100067138672,187.8300018310547,185.29100036621094,4008700
2022-06-23 00:00:00-04:00,186.5800018310547,187.22999572753906,176.02000427246094,178.6699981689453,176.2548065185547,6667900
2022-06-24 00:00:00-04:00,181.33999633789062,185.60000610351562,179.3699951171875,185.49000549316406,182.9826202392578,4868900
2022-06-27 00:00:00-04:00,188.0800018310547,190.0800018310547,185.82000732421875,187.58999633789062,185.05422973632812,3061100
2022-06-28 00:00:00-04:00,189.97000122070312,193.10000610351562,187.42999267578125,187.44000244140625,184.90626525878906,3327200
2022-06-29 00:00:00-04:00,187.32000732421875,187.57000732421875,182.1300048828125,183.47999572753906,180.99978637695312,2436900
2022-06-30 00:00:00-04:00,180.25999450683594,182.13999938964844,177.1199951171875,178.75999450683594,176.3435821533203,4197100
2022-07-01 00:00:00-04:00,179.30999755859375,181.32000732421875,173.72000122070312,178.2899932861328,175.87994384765625,3423100
2022-07-05 00:00:00-04:00,173.77000427246094,174.4199981689453,170.60000610351562,173.75999450683594,171.41116333007812,3724900
2022-07-06 00:00:00-04:00,173.47999572753906,174.6699981689453,169.2899932861328,172.30999755859375,169.9807891845703,3190600
2022-07-07 00:00:00-04:00,182.5,182.5,176.3300018310547,180.27999877929688,177.84304809570312,4677600
2022-07-08 00:00:00-04:00,180.22999572753906,181.24000549316406,176.38999938964844,179.10000610351562,176.6790008544922,2491100
2022-07-11 00:00:00-04:00,177.41000366210938,179.77000427246094,174.6199951171875,175.02000427246094,172.65414428710938,2773300
2022-07-12 00:00:00-04:00,174.74000549316406,177.24000549316406,172.60000610351562,174.49000549316406,172.13133239746094,2718400
2022-07-13 00:00:00-04:00,172.25,175.25,171.86000061035156,173.8699951171875,171.5196990966797,2389000
2022-07-14 00:00:00-04:00,169.75,170.6999969482422,167.0800018310547,169.94000244140625,167.642822265625,2531200
2022-07-15 00:00:00-04:00,172.25,173.3800048828125,169.1999969482422,173.3800048828125,171.0363311767578,2282100
2022-07-18 00:00:00-04:00,176.1300048828125,176.6999969482422,172.7100067138672,173.49000549316406,171.14483642578125,2476400
2022-07-19 00:00:00-04:00,173.89999389648438,179.6999969482422,172.8800048828125,179.49000549316406,178.29698181152344,2671400
2022-07-20 00:00:00-04:00,178.77999877929688,180.8000030517578,177.07000732421875,179.97000122070312,178.77378845214844,2175900
2022-07-21 00:00:00-04:00,178.4199981689453,181.07000732421875,176.47999572753906,180.99000549316406,179.78700256347656,2214500
2022-07-22 00:00:00-04:00,181.49000549316406,182.8000030517578,177.33999633789062,178.6199951171875,177.43275451660156,1961500
2022-07-25 00:00:00-04:00,179.1699981689453,182.60000610351562,177.77000427246094,181.80999755859375,180.60154724121094,1845600
2022-07-26 00:00:00-04:00,181.16000366210938,183.64999389648438,180.5800018310547,181.22999572753906,180.02540588378906,1767700
2022-07-27 00:00:00-04:00,182.9199981689453,186.17999267578125,180.32000732421875,185.25,184.01869201660156,1856500
2022-07-28 00:00:00-04:00,186.85000610351562,189.52000427246094,184.1999969482422,187.83999633789062,186.5914764404297,2229200
2022-07-29 00:00:00-04:00,189.19000244140625,199.49000549316406,189.1199951171875,198.25,196.93228149414062,5188100
2022-08-01 00:00:00-04:00,195.0800018310547,197.19000244140625,193.39999389648438,194.86000061035156,193.5648193359375,3185100
2022-08-02 00:00:00-04:00,188.0,189.47000122070312,183.16000366210938,183.50999450683594,182.29025268554688,8193100
2022-08-03 00:00:00-04:00,183.32000732421875,185.44000244140625,181.60000610351562,182.8699951171875,181.65451049804688,4155900
2022-08-04 00:00:00-04:00,182.86000061035156,185.92999267578125,181.1199951171875,183.63999938964844,182.4193878173828,2478900
2022-08-05 00:00:00-04:00,183.5800018310547,186.10000610351562,183.22999572753906,185.38999938964844,184.1577606201172,1908500
2022-08-08 00:00:00-04:00,186.77000427246094,188.0,184.16000366210938,185.80999755859375,184.57496643066406,2655000
2022-08-09 00:00:00-04:00,185.9499969482422,187.8800048828125,185.16000366210938,186.02999877929688,184.7935028076172,2460000
2022-08-10 00:00:00-04:00,188.72999572753906,191.52000427246094,187.4499969482422,190.72000122070312,189.45233154296875,2304300
2022-08-11 00:00:00-04:00,192.8300018310547,195.5800018310547,191.91000366210938,194.0,192.7105255126953,2538900
2022-08-12 00:00:00-04:00,194.88999938964844,196.97000122070312,193.8000030517578,196.83999633789062,195.53164672851562,1864800
2022-08-15 00:00:00-04:00,193.39999389648438,196.5,193.07000732421875,195.9499969482422,194.64756774902344,1752400
2022-08-16 00:00:00-04:00,195.32000732421875,198.39999389648438,194.9499969482422,197.52000427246094,196.20713806152344,1959300
2022-08-17 00:00:00-04:00,195.0,196.89999389648438,193.8699951171875,195.92999267578125,194.62770080566406,1576200
2022-08-18 00:00:00-04:00,197.0500030517578,197.6300048828125,195.25,197.35000610351562,196.03826904296875,1750900
2022-08-19 00:00:00-04:00,195.27000427246094,197.22000122070312,193.80999755859375,195.60000610351562,194.29989624023438,2003600
2022-08-22 00:00:00-04:00,193.11000061035156,193.92999267578125,191.5500030517578,191.75999450683594,190.48541259765625,2008900
2022-08-23 00:00:00-04:00,192.75,198.13999938964844,192.47999572753906,197.2100067138672,195.89920043945312,2444900
2022-08-24 00:00:00-04:00,197.55999755859375,198.67999267578125,193.4499969482422,194.16000366210938,192.86947631835938,2503200
2022-08-25 00:00:00-04:00,195.49000549316406,198.91000366210938,194.57000732421875,198.8800048828125,197.55810546875,1888700
2022-08-26 00:00:00-04:00,199.39999389648438,200.3699951171875,191.72999572753906,191.9199981689453,190.64434814453125,2560400
2022-08-29 00:00:00-04:00,190.0,193.1699981689453,189.0,191.77999877929688,190.50527954101562,1996600
2022-08-30 00:00:00-04:00,191.5,191.9600067138672,184.58999633789062,186.94000244140625,185.6974639892578,2691200
2022-08-31 00:00:00-04:00,186.6300048828125,188.05999755859375,184.5,184.7100067138672,183.48228454589844,2656600
2022-09-01 00:00:00-04:00,182.27000427246094,183.2100067138672,180.10000610351562,182.44000244140625,181.2273712158203,2686200
2022-09-02 00:00:00-04:00,184.85000610351562,185.74000549316406,179.85000610351562,180.8300018310547,179.62806701660156,2185400
2022-09-06 00:00:00-04:00,182.89999389648438,183.66000366210938,179.58999633789062,180.66000366210938,179.45919799804688,2141700
2022-09-07 00:00:00-04:00,179.11000061035156,181.83999633789062,178.19000244140625,180.86000061035156,179.65786743164062,2166900
2022-09-08 00:00:00-04:00,179.67999267578125,183.27999877929688,178.0800018310547,183.14999389648438,181.93264770507812,2245700
2022-09-09 00:00:00-04:00,187.5500030517578,189.75999450683594,187.22000122070312,189.49000549316406,188.2305145263672,2279600
2022-09-12 00:00:00-04:00,190.85000610351562,192.6999969482422,190.61000061035156,192.39999389648438,191.12115478515625,1937200
2022-09-13 00:00:00-04:00,187.85000610351562,190.0500030517578,183.5,184.30999755859375,183.08493041992188,2207500
2022-09-14 00:00:00-04:00,183.9199981689453,185.13999938964844,181.8699951171875,184.64999389648438,183.42266845703125,2295000
2022-09-15 00:00:00-04:00,184.6699981689453,186.5399932861328,181.67999267578125,182.49000549316406,181.27703857421875,1933100
2022-09-16 00:00:00-04:00,180.0,180.33999633789062,177.77000427246094,179.47000122070312,178.27711486816406,5088300
2022-09-19 00:00:00-04:00,177.25,182.72999572753906,176.8000030517578,182.11000061035156,180.89956665039062,2923700
2022-09-20 00:00:00-04:00,180.58999633789062,180.72000122070312,176.30999755859375,177.99000549316406,176.80694580078125,2512400
2022-09-21 00:00:00-04:00,179.27999877929688,180.49000549316406,171.8800048828125,171.9499969482422,170.8070831298828,4061900
2022-09-22 00:00:00-04:00,172.6999969482422,174.6199951171875,170.2899932861328,170.5500030517578,169.41639709472656,2508400
2022-09-23 00:00:00-04:00,168.66000366210938,169.44000244140625,161.72999572753906,164.24000549316406,163.14834594726562,4047200
2022-09-26 00:00:00-04:00,164.0,165.85000610351562,162.22000122070312,162.6199951171875,161.53909301757812,3213400
2022-09-27 00:00:00-04:00,164.4600067138672,164.57000732421875,160.60000610351562,162.44000244140625,161.3603057861328,2753500
2022-09-28 00:00:00-04:00,164.5,168.47999572753906,163.5399932861328,167.75999450683594,166.64492797851562,3694800
2022-09-29 00:00:00-04:00,165.6999969482422,166.58999633789062,163.5399932861328,165.89999389648438,164.79730224609375,3518100
2022-09-30 00:00:00-04:00,165.88999938964844,167.77999877929688,163.88999938964844,164.0800018310547,162.98939514160156,2963000
2022-10-03 00:00:00-04:00,167.42999267578125,173.3699951171875,166.0500030517578,171.22999572753906,170.0918731689453,3444700
2022-10-04 00:00:00-04:00,174.3000030517578,180.19000244140625,174.2100067138672,179.6300048828125,178.43605041503906,4008200
2022-10-05 00:00:00-04:00,177.14999389648438,180.25999450683594,176.69000244140625,178.3800048828125,177.19435119628906,3067400
2022-10-06 00:00:00-04:00,177.41000366210938,180.97999572753906,176.88999938964844,178.80999755859375,177.62149047851562,2415000
2022-10-07 00:00:00-04:00,176.72000122070312,178.9600067138672,175.13999938964844,177.5500030517578,176.369873046875,2759200
2022-10-10 00:00:00-04:00,179.80999755859375,181.16000366210938,176.07000732421875,178.6699981689453,177.482421875,2633900
2022-10-11 00:00:00-04:00,176.82000732421875,183.0800018310547,176.6699981689453,179.75,178.5552520751953,2542400
2022-10-12 00:00:00-04:00,179.47999572753906,181.1199951171875,178.77999877929688,179.5,178.30691528320312,2260800
2022-10-13 00:00:00-04:00,173.75,184.9499969482422,172.7100067138672,183.13999938964844,181.92271423339844,3745900
2022-10-14 00:00:00-04:00,183.75,184.3300018310547,177.52999877929688,178.19000244140625,177.005615234375,2830200
2022-10-17 00:00:00-04:00,182.3000030517578,184.30999755859375,179.1999969482422,180.8000030517578,179.5982666015625,2940000
2022-10-18 00:00:00-04:00,184.89999389648438,185.52999877929688,180.91000366210938,183.5500030517578,182.32998657226562,2674000
2022-10-19 00:00:00-04:00,182.94000244140625,185.6999969482422,182.0,184.41000366210938,183.1842803955078,2088700
2022-10-20 00:00:00-04:00,184.5399932861328,185.74000549316406,180.4600067138672,180.5399932861328,179.33998107910156,2953900
2022-10-21 00:00:00-04:00,179.72999572753906,190.41000366210938,179.2100067138672,190.22000122070312,190.22000122070312,3483800
2022-10-24 00:00:00-04:00,188.64999389648438,192.13999938964844,188.4499969482422,191.3000030517578,191.3000030517578,2919500
2022-10-25 00:00:00-04:00,190.2899932861328,195.6699981689453,188.9199981689453,194.83999633789062,194.83999633789062,2545000
2022-10-26 00:00:00-04:00,198.3000030517578,199.5800018310547,194.57000732421875,196.9600067138672,196.9600067138672,3546000
2022-10-27 00:00:00-04:00,210.14999389648438,217.1300048828125,207.3699951171875,212.13999938964844,212.13999938964844,7872200
2022-10-28 00:00:00-04:00,212.5,219.5,211.2100067138672,219.33999633789062,219.33999633789062,5161000
2022-10-31 00:00:00-04:00,215.33999633789062,218.8699951171875,215.00999450683594,216.4600067138672,216.4600067138672,3786100
2022-11-01 00:00:00-04:00,218.6300048828125,219.47000122070312,216.7100067138672,218.5,218.5,2717500
2022-11-02 00:00:00-04:00,217.60000610351562,221.6999969482422,213.92999267578125,214.5399932861328,214.5399932861328,3150000
2022-11-03 00:00:00-04:00,211.5399932861328,221.7899932861328,211.36000061035156,219.25999450683594,219.25999450683594,3570400
2022-11-04 00:00:00-04:00,224.02000427246094,229.72999572753906,223.60000610351562,227.85000610351562,227.85000610351562,4973100
2022-11-07 00:00:00-05:00,228.0,229.1300048828125,222.6699981689453,228.61000061035156,228.61000061035156,3405600
2022-11-08 00:00:00-05:00,228.61000061035156,232.6300048828125,226.6699981689453,229.80999755859375,229.80999755859375,3676600
2022-11-09 00:00:00-05:00,226.07000732421875,229.13999938964844,225.05999755859375,225.5399932861328,225.5399932861328,6248300
2022-11-10 00:00:00-05:00,232.22000122070312,232.58999633789062,226.3300018310547,232.4499969482422,232.4499969482422,4590800
2022-11-11 00:00:00-05:00,233.0,238.39999389648438,232.0,236.49000549316406,236.49000549316406,3584400
2022-11-14 00:00:00-05:00,236.0,239.85000610351562,234.5,236.5,236.5,3217700
2022-11-15 00:00:00-05:00,237.10000610351562,239.39999389648438,232.75,234.58999633789062,234.58999633789062,3371000
2022-11-16 00:00:00-05:00,234.0,234.66000366210938,230.83999633789062,232.4199981689453,232.4199981689453,3062000
2022-11-17 00:00:00-05:00,227.75,230.52999877929688,225.50999450683594,230.44000244140625,230.44000244140625,3256900
2022-11-18 00:00:00-05:00,230.85000610351562,231.83999633789062,227.6300048828125,231.42999267578125,231.42999267578125,2867400
2022-11-21 00:00:00-05:00,231.5500030517578,233.6699981689453,228.27000427246094,232.1699981689453,232.1699981689453,2522600
2022-11-22 00:00:00-05:00,234.0,237.47999572753906,233.36000061035156,237.25999450683594,237.25999450683594,2523300
2022-11-23 00:00:00-05:00,237.6300048828125,239.6300048828125,235.61000061035156,236.9199981689453,236.9199981689453,2311300
2022-11-25 00:00:00-05:00,237.0,237.49000549316406,235.19000244140625,235.6999969482422,235.6999969482422,1034800
2022-11-28 00:00:00-05:00,233.94000244140625,234.9600067138672,231.57000732421875,232.3000030517578,232.3000030517578,2862100
2022-11-29 00:00:00-05:00,233.3000030517578,235.72999572753906,231.5500030517578,235.1199951171875,235.1199951171875,2277900
2022-11-30 00:00:00-05:00,235.89999389648438,236.75999450683594,230.7899932861328,236.41000366210938,236.41000366210938,3849500
2022-12-01 00:00:00-05:00,236.89999389648438,237.0,231.94000244140625,235.69000244140625,235.69000244140625,2416723
